sample_id,condition,time_point,replicate,cell_line,bacteria,MOI,infection_time,fastq_R1,fastq_R2
Ctr_1,Control,0h,1,HCT116,none,0,0h,Ctr_1_R1.fastq.gz,Ctr_1_R2.fastq.gz
Ctr_2,Control,0h,2,HCT116,none,0,0h,Ctr_2_R1.fastq.gz,Ctr_2_R2.fastq.gz
Ctr_3,Control,0h,3,HCT116,none,0,0h,Ctr_3_R1.fastq.gz,Ctr_3_R2.fastq.gz
Inf4h_1,Gm_infected,4h,1,HCT116,Gemella morbillorum,100,4h,Inf4h_1_R1.fastq.gz,Inf4h_1_R2.fastq.gz
Inf4h_2,Gm_infected,4h,2,HCT116,Gemella morbillorum,100,4h,Inf4h_2_R1.fastq.gz,Inf4h_2_R2.fastq.gz
Inf4h_3,Gm_infected,4h,3,HCT116,Gemella morbillorum,100,4h,Inf4h_3_R1.fastq.gz,Inf4h_3_R2.fastq.gz
Inf24h_1,Gm_infected,24h,1,HCT116,Gemella morbillorum,100,24h,Inf24h_1_R1.fastq.gz,Inf24h_1_R2.fastq.gz
Inf24h_2,Gm_infected,24h,2,HCT116,Gemella morbillorum,100,24h,Inf24h_2_R1.fastq.gz,Inf24h_2_R2.fastq.gz
Inf24h_3,Gm_infected,24h,3,HCT116,Gemella morbillorum,100,24h,Inf24h_3_R1.fastq.gz,Inf24h_3_R2.fastq.gz
